allele,peptide,length,log_prob,source,temperature,top_p,score,seed_peptide,n_mutations,score_improvement
HLA-B*57:01,KSFSSWWSW,9,-15.452588081359863,AR,0.7,0.85,-0.4440447959180762,VSLLSLRSW,5.0,0.6318669655647013
HLA-B*57:01,MAMRCTPLW,9,-22.1728515625,AR,0.9,0.9,-0.46982201597816303,MAWRQSPEW,5.0,0.31121492264296885
HLA-B*57:01,LTLPLSYLW,9,-11.763952255249023,AR,0.7,0.85,-0.534026106056135,LTLPLPLLW,3.0,0.16754187899979245
HLA-B*57:01,KTMELMLSW,9,-17.075681686401367,AR,0.7,0.85,-0.5378190950732742,KTRGLELSW,5.0,0.3255037650471817
HLA-B*57:01,MTLKGLWEW,9,-19.25533103942871,AR,0.9,0.9,-0.6263403673750424,IGLKDLWEW,3.0,0.9452520159862648
HLA-B*57:01,LSSKIFCLW,9,-19.40271759033203,AR,0.9,0.9,-0.6344772701607315,YSSKDFFLW,3.0,0.17305775790812172
HLA-B*57:01,RSMPLWWTF,9,-17.21794891357422,AR,0.7,0.85,-0.69284691927723,RSYPLSVTF,3.0,0.5700785500546017
HLA-B*57:01,ATFRQLFLW,9,-18.21288299560547,AR,0.9,0.9,-0.7109631189952758,ATFEGSRLW,4.0,0.3689413486714449
HLA-B*57:01,KTAWCSFNW,9,-21.69148826599121,AR,0.9,0.9,-0.7641761323903307,KTAIGSFNW,2.0,0.1284749014869696
HLA-B*57:01,ITSSCFLHW,9,-19.50101089477539,AR,0.9,0.9,-0.7730546933642626,ITSDLFLHW,4.0,0.20099620942861474
HLA-B*57:01,LAYTSQHLW,9,-19.46967315673828,AR,0.7,0.85,-0.7730546933642626,SAYGSQHLW,2.0,0.25470251132629085
HLA-B*57:01,ISYPWHSAW,9,-21.1680850982666,AR,0.9,0.9,-0.8407332346118067,ISNIPISAW,4.0,0.5358437224447054
HLA-B*57:01,MSFKIQWHF,9,-22.459362030029297,AR,0.9,0.9,-0.8549130223078556,MSFKQQWHF,1.0,0.00959805875053632
HLA-B*57:01,CTIKDWLTW,9,-21.65916633605957,AR,0.9,0.9,-0.8904210188009143,TTIKEWTHW,5.0,0.27064736667026024
HLA-B*57:01,KSAIDFLVW,9,-20.528867721557617,AR,0.9,0.9,-0.9025467793139914,KSSNDVLVW,3.0,0.144728088070188
HLA-B*57:01,LTAKWTVPW,9,-20.598234176635742,AR,0.9,0.9,-0.9508514588885464,GTAKTTVQW,4.0,0.5142338286688863
HLA-B*57:01,QSLLLQMAW,9,-18.477283477783203,AR,0.9,0.9,-1.0318122713303703,TSLLLQKAW,4.0,0.508892511980392
HLA-B*57:01,LGWRHMHHW,9,-19.936742782592773,AR,0.9,0.9,-1.1283992687178064,LGLRLWHQW,4.0,0.2642976845418594
HLA-B*57:01,LTKDIHHFW,9,-18.771068572998047,AR,0.7,0.85,-1.150756439860309,LTKDIKDFW,3.0,0.3449266277566063
HLA-B*57:01,KTAVHIWLF,9,-17.14885711669922,AR,0.7,0.85,-1.1806992012960347,KTAVTIHVF,3.0,0.28572352113775734
HLA-B*57:01,MSMSVGFTFW,10,-20.921031951904297,AR,0.7,0.85,-0.367355921026019,RSSDVGREFW,5.0,0.6459027442574975
HLA-B*57:01,RSYSMALYTW,10,-20.899240493774414,AR,0.9,0.9,-0.45178643552429026,RSRSPPSPTW,5.0,0.5389962562788475
HLA-B*57:01,RSWADSWTYW,10,-22.04404067993164,AR,0.9,0.9,-0.46834733041215726,RSWLDSLNGW,5.0,0.26884531229258
HLA-B*57:01,LSMRLQQFSW,10,-16.906856536865234,AR,0.7,0.85,-0.46982201597816303,LSLLLQQQSW,4.0,0.39528195866296495
HLA-B*57:01,ISLRTIWCTW,10,-17.82808494567871,AR,0.7,0.85,-0.5010592622177514,ISLPPPTQTW,7.0,0.6600091232534231
HLA-B*57:01,LSFHSLRYYW,10,-18.84902572631836,AR,0.7,0.85,-0.5092025223311029,LSTESLRSSW,7.0,0.5908232077767598
HLA-B*57:01,KSVLELRWLW,10,-19.128610610961914,AR,0.9,0.9,-0.5211380837040362,KSVDIKDILW,6.0,0.37648900758640524
HLA-B*57:01,MSSCAYGLYW,10,-21.220680236816406,AR,0.9,0.9,-0.5224442335063199,LSSAEHGLYW,5.0,0.4432277377137869
HLA-B*57:01,KAMADMIILW,10,-18.974889755249023,AR,0.7,0.85,-0.5693739096150459,KALADEIREW,4.0,0.6049766878643341
HLA-B*57:01,KTLMTWNETW,10,-22.073131561279297,AR,0.9,0.9,-0.5705429398818975,KVLEPQPEVW,6.0,0.9560547692215546
HLA-B*57:01,RAFALNLALW,10,-21.59284782409668,AR,0.7,0.85,-0.5865873046717549,RAVASPEQLW,5.0,0.4664911388116648
HLA-B*57:01,RSSLSVLSMW,10,-17.995975494384766,AR,0.7,0.85,-0.6020599913279624,RSSLSVLEKW,3.0,0.15986784709256663
HLA-B*57:01,LSTPVMDLLW,10,-19.25150489807129,AR,0.7,0.85,-0.6384892569546373,LSTPVEDLTW,2.0,0.35494697354297444
HLA-B*57:01,MSNLSLYFIW,10,-23.228076934814453,AR,0.9,0.9,-0.6473829701146199,LSNLSHINGW,6.0,0.5036802832391303
HLA-B*57:01,QSMPYALLRW,10,-15.828804969787598,AR,0.7,0.85,-0.6618126855372612,ATLPAALLRW,4.0,0.26504402341243105
HLA-B*57:01,MTMNLTSCMSW,11,-26.451017379760742,AR,0.9,0.9,-0.48000694295715063,MTMNLTSHQSW,2.0,0.17609125905568124
HLA-B*57:01,MSFAATQLLTW,11,-23.08279037475586,AR,0.9,0.9,-0.5198279937757188,KSVVATELLTW,4.0,0.30883190275960104
HLA-B*57:01,RSIPAAHWFLW,11,-17.80036163330078,AR,0.7,0.85,-0.5646660642520893,VSDPASALLLW,9.0,1.0412850933127835
HLA-B*57:01,KTMSAVFTDMW,11,-21.559213638305664,AR,0.7,0.85,-0.5728716022004802,KASSVVLLDKW,7.0,0.544399693455284
HLA-B*57:01,MSIVLPSSILW,11,-22.649181365966797,AR,0.7,0.85,-0.5921767573958668,RSVQLPSSILW,3.0,0.26995462191717035
HLA-B*57:01,KSLPAWLLWNW,11,-18.12734031677246,AR,0.7,0.85,-0.6031443726201823,KSLPAELLHAW,4.0,0.19342996059024742
HLA-B*57:01,RSLPTDFSVLW,11,-21.0001220703125,AR,0.9,0.9,-0.6190933306267428,ASSPTDLRVLW,4.0,0.49384664545733736
HLA-B*57:01,LSLALCSTHTW,11,-20.366390228271484,AR,0.7,0.85,-0.6394864892685861,LSSALQSAHTW,4.0,0.3103912147682887
HLA-B*57:01,RSYPCVMSQTW,11,-22.902870178222656,AR,0.9,0.9,-0.6424645202421213,QSYPSVSSQTW,5.0,0.5200998862808976
HLA-B*57:01,RTLADIALLSW,11,-20.576879501342773,AR,0.7,0.85,-0.6757783416740851,VTIKDKGELSW,8.0,0.9443577132996724
HLA-B*57:01,RSLHPFTW,8,-14.195122718811035,AR,0.7,0.85,-1.4092566520389096,RSLQPFTW,1.0,0.12464244875768493
HLA-B*57:01,LSWLTKKW,8,-14.514437675476074,AR,0.7,0.85,-1.7988577317474856,,,
HLA-B*57:01,AARIEYYW,8,-17.112337112426758,AR,0.7,0.85,-2.071808391833129,,,
HLA-B*57:01,ITGPARTW,8,-13.540260314941406,AR,0.9,0.9,-2.2636834005571926,,,
HLA-B*57:01,RAFKSRRW,8,-17.588668823242188,AR,0.9,0.9,-2.3009431280805526,,,
