allele,peptide,length,log_prob,source,temperature,top_p,score,seed_peptide,n_mutations,score_improvement
HLA-B*57:01,MSMSVGFTFW,10,-20.921031951904297,AR,0.7,0.85,-0.367355921026019,RSSDVGREFW,5,0.6459027442574975
HLA-B*57:01,KTFCPVEFLW,10,-22.370798110961914,AR,0.7,0.85,-0.40312052117581787,KTFLPVIFRW,3,0.21177669485731676
HLA-B*57:01,KSFSSWWSW,9,-15.452588081359863,AR,0.7,0.85,-0.4440447959180762,VSLLSLRSW,5,0.6318669655647013
HLA-B*57:01,RTLPFMFLSW,10,-21.016965866088867,AR,0.9,0.9,-0.4487063199050799,VTLPFQALSW,3,0.2614110452067363
HLA-B*57:01,RSYSMALYTW,10,-20.899240493774414,AR,0.9,0.9,-0.45178643552429026,RSRSPPSPTW,5,0.5389962562788475
HLA-B*57:01,RSWADSWTYW,10,-22.04404067993164,AR,0.9,0.9,-0.46834733041215726,RSWLDSLNGW,5,0.26884531229258
HLA-B*57:01,MAMRCTPLW,9,-22.1728515625,AR,0.9,0.9,-0.46982201597816303,MAWRQSPEW,5,0.31121492264296885
HLA-B*57:01,LSMRLQQFSW,10,-16.906856536865234,AR,0.7,0.85,-0.46982201597816303,LSLLLQQQSW,4,0.39528195866296495
HLA-B*57:01,MTMNLTSCMSW,11,-26.451017379760742,AR,0.9,0.9,-0.48000694295715063,MTMNLTSHQSW,2,0.17609125905568124
HLA-B*57:01,RSYPWQWSMW,10,-22.149194717407227,AR,0.7,0.85,-0.48287358360875376,RSYPAQISTW,3,0.18082734178089443
HLA-B*57:01,MALCAVPMLW,10,-16.906414031982422,AR,0.7,0.85,-0.4983105537896005,AALSAVGRLW,4,0.5585942975468723
HLA-B*57:01,ISLRTIWCTW,10,-17.82808494567871,AR,0.7,0.85,-0.5010592622177514,ISLPPPTQTW,7,0.6600091232534231
HLA-B*57:01,ISISFLQFHW,10,-19.460721969604492,AR,0.7,0.85,-0.5065050324048721,ISIRPLQEQW,6,0.4177742536570096
HLA-B*57:01,LSFHSLRYYW,10,-18.84902572631836,AR,0.7,0.85,-0.5092025223311029,LSTESLRSSW,7,0.5908232077767598
HLA-B*57:01,KSASVVTYVW,10,-18.408628463745117,AR,0.7,0.85,-0.5171958979499743,VSASVSTVSW,4,0.47756104663765386
HLA-B*57:01,MSFAATQLLTW,11,-23.08279037475586,AR,0.9,0.9,-0.5198279937757188,KSVVATELLTW,4,0.30883190275960104
HLA-B*57:01,KSVLELRWLW,10,-19.128610610961914,AR,0.9,0.9,-0.5211380837040362,KSVDIKDILW,6,0.37648900758640524
HLA-B*57:01,MSSCAYGLYW,10,-21.220680236816406,AR,0.9,0.9,-0.5224442335063199,LSSAEHGLYW,5,0.4432277377137869
HLA-B*57:01,LTLPLSYLW,9,-11.763952255249023,AR,0.7,0.85,-0.534026106056135,LTLPLPLLW,3,0.16754187899979245
HLA-B*57:01,RSIRDCFFVW,10,-22.000019073486328,AR,0.7,0.85,-0.5378190950732742,RTIEDAFYQW,6,0.15678610386029457
HLA-B*57:01,KTMELMLSW,9,-17.075681686401367,AR,0.7,0.85,-0.5378190950732742,KTRGLELSW,5,0.3255037650471817
HLA-B*57:01,MTIMGAHLTW,10,-21.771032333374023,AR,0.7,0.85,-0.5587085705331657,MTVPLAKATW,5,0.20471942302977153
HLA-B*57:01,MSYSMSNIRW,10,-21.417186737060547,AR,0.9,0.9,-0.5622928644564748,VSKLVGNIGW,7,0.9168503835221383
HLA-B*57:01,KALYLSAWLW,10,-16.25449562072754,AR,0.7,0.85,-0.5634810853944107,KALDLPNRLW,5,0.41378512703288206
HLA-B*57:01,RSIPAAHWFLW,11,-17.80036163330078,AR,0.7,0.85,-0.5646660642520893,VSDPASALLLW,9,1.0412850933127835
HLA-B*57:01,KSFLERFLW,9,-14.99881649017334,AR,0.7,0.85,-0.5670263661590603,LSRLERQLW,3,0.6288732862501735
HLA-B*57:01,KAMADMIILW,10,-18.974889755249023,AR,0.7,0.85,-0.5693739096150459,KALADEIREW,4,0.6049766878643341
HLA-B*57:01,RSLGLSHMCW,10,-21.42336654663086,AR,0.9,0.9,-0.5705429398818975,VSLELGHVGW,5,0.5366670297659708
HLA-B*57:01,KTLMTWNETW,10,-22.073131561279297,AR,0.9,0.9,-0.5705429398818975,KVLEPQPEVW,6,0.9560547692215546
HLA-B*57:01,KTMSAVFTDMW,11,-21.559213638305664,AR,0.7,0.85,-0.5728716022004802,KASSVVLLDKW,7,0.544399693455284
HLA-B*57:01,LSFFPLHLHW,10,-19.046520233154297,AR,0.7,0.85,-0.5843312243675308,LSFLPLHLHW,1,0.013363961557981474
HLA-B*57:01,KTFAFESIMW,10,-23.475778579711914,AR,0.9,0.9,-0.5854607295085007,KTAAVAIIQW,5,0.2353972599311992
HLA-B*57:01,RAFALNLALW,10,-21.59284782409668,AR,0.7,0.85,-0.5865873046717549,RAVASPEQLW,5,0.4664911388116648
HLA-B*57:01,LSLPLSLRFW,10,-16.29660987854004,AR,0.7,0.85,-0.5910646070264992,ASLPLSLRAW,3,0.33373138877141295
HLA-B*57:01,MSIVLPSSILW,11,-22.649181365966797,AR,0.7,0.85,-0.5921767573958668,RSVQLPSSILW,3,0.26995462191717035
HLA-B*57:01,KSVIEWMFKW,10,-16.980066299438477,AR,0.7,0.85,-0.5954962218255742,KSRLEGLEKW,6,0.45719772009939375
HLA-B*57:01,RSSLSVLSMW,10,-17.995975494384766,AR,0.7,0.85,-0.6020599913279624,RSSLSVLEKW,3,0.15986784709256663
HLA-B*57:01,KSLPAWLLWNW,11,-18.12734031677246,AR,0.7,0.85,-0.6031443726201823,KSLPAELLHAW,4,0.19342996059024742
HLA-B*57:01,LSLPASTLYSW,11,-15.014240264892578,AR,0.7,0.85,-0.617000341120899,LSLPASGLSSW,3,0.2231057533358588
HLA-B*57:01,RSLPTDFSVLW,11,-21.0001220703125,AR,0.9,0.9,-0.6190933306267428,ASSPTDLRVLW,4,0.49384664545733736
HLA-B*57:01,RTLPLDVLSLW,11,-18.248878479003906,AR,0.7,0.85,-0.6242820958356683,RTLPADVLSKW,2,0.14213075127673114
HLA-B*57:01,MTLKGLWEW,9,-19.25533103942871,AR,0.9,0.9,-0.6263403673750424,IGLKDLWEW,3,0.9452520159862648
HLA-B*57:01,LSSKIFCLW,9,-19.40271759033203,AR,0.9,0.9,-0.6344772701607315,YSSKDFFLW,3,0.17305775790812172
HLA-B*57:01,ISIGPAWYTW,10,-23.171344757080078,AR,0.9,0.9,-0.6344772701607315,FSSGPADITW,6,0.7599744106654847
HLA-B*57:01,LSTPVMDLLW,10,-19.25150489807129,AR,0.7,0.85,-0.6384892569546373,LSTPVEDLTW,2,0.35494697354297444
HLA-B*57:01,LSLALCSTHTW,11,-20.366390228271484,AR,0.7,0.85,-0.6394864892685861,LSSALQSAHTW,4,0.3103912147682887
HLA-B*57:01,HSTKVSFLCW,10,-21.254934310913086,AR,0.9,0.9,-0.6394864892685861,QSTKVSLLRW,3,0.3927292140293954
HLA-B*57:01,RSYPCVMSQTW,11,-22.902870178222656,AR,0.9,0.9,-0.6424645202421213,QSYPSVSSQTW,5,0.5200998862808976
HLA-B*57:01,MSNLSLYFIW,10,-23.228076934814453,AR,0.9,0.9,-0.6473829701146199,LSNLSHINGW,6,0.5036802832391303
HLA-B*57:01,LSYFAITRLW,10,-16.3609676361084,AR,0.7,0.85,-0.651278013998144,LSSDDITRLW,4,0.43150735631830606
